{
  "camera_matrix": [
    [
      952.5707541721167,
      0.0,
      658.4498324003038
    ],
    [
      0.0,
      975.7839999332679,
      387.07676314277694
    ],
    [
      0.0,
      0.0,
      1.0
    ]
  ],
  "dist_coeffs": [
    [
      0.07808309235991324,
      -0.1401252684293918,
      -0.012108901162419902,
      0.011931374485882535,
      -0.04680128610403889
    ]
  ],
  "reprojection_error": 0.2567134478598743,
  "metadata": {
    "squares_x": 8,
    "squares_y": 11,
    "square_length": 0.025,
    "marker_length": 0.018,
    "dict": "DICT_4X4_50",
    "device": 0,
    "samples": 20
  }
}